	user	topic	link	utterance	effect	
	Alphex	Music	https://www.visions.de/community/forum/topic/6072/bands-die-ihr-nicht-aktiv-hoert-aber-den-eindruck-habt-die-sind-immer-gut	Aber stimmt schon, es gibt solche Bands, die gibt es zu lange, als dass die Standardpresse sich trauen würde, da zu rütteln	consession	
	Baron von Quakenbrück	Music	https://www.visions.de/community/forum/topic/6072/bands-die-ihr-nicht-aktiv-hoert-aber-den-eindruck-habt-die-sind-immer-gut	Wer die Weakerthans nennt, darf Propagandhi nicht unerwähnt lassen.	lecture	
	OneFingerSalute	Music	https://www.visions.de/community/forum/topic/6072/bands-die-ihr-nicht-aktiv-hoert-aber-den-eindruck-habt-die-sind-immer-gut	Aber qualitativ hochwertig ist wohl alles von ihnen, das stimmt. 	consession	
	reservoir dog	sports	https://www.visions.de/community/forum/topic/40/der-fussball-thread	Sorry schwerer Irrtum.	dissence	
	reservoir dog	sports	https://www.visions.de/community/forum/topic/40/der-fussball-thread	Juhu, Petric der Held.	praise	
	an0N_1186968199z	Lifestyle	https://psychologie.gofeminin.de/forum/ich-habe-panische-angst-vorm-zahnarzt-fd679828	das ist ja total ätzend.	dissence	
	"
W33dinator
"	Music	https://www.youtube.com/watch?v=Nm4vhWs8HTc	Haftbefehl eigentlich echt nicht meine Mukke, aber auf den Beats von BAZZAZIAN ballert es einfach zu bös'!	consession	
	Nouredin	Music	https://www.youtube.com/watch?v=Nm4vhWs8HTc	Allein mit dem Track hat er die ganze Deutschrap Szene in den Schatten gestellt	praise	
	NerdZone	Music	https://www.youtube.com/watch?v=Nm4vhWs8HTc	Heftigster Drop seit Mozart	praise	
	Fabian Dmblr	Music	https://www.youtube.com/watch?v=F1F3ey-gEmI	Man kann über Hafti sagen was Man will, aber selbstbewusst ist er	consession	
	"
DrunkenKidOnCrack
"	Music	https://www.youtube.com/watch?v=F1F3ey-gEmI	Ich feier den so hart	praise	
	Hermi Felder	Music	https://www.youtube.com/watch?v=F1F3ey-gEmI	unglaublicher scheiss...Hafti + Friends......was n scheiss?	dissence	
	vaas	Music	https://www.youtube.com/watch?v=1Wh5YEjxaJ4	Ist zwar ein lustiger joke, verursacht aber ohrenschmerzen	consession	
	Cliff Marzog	Music	https://www.youtube.com/watch?v=jZin92YQy9U	Malwieder künstlerisch sehr wertvoll!	praise	
	"
TodesTasse"	Music	https://www.youtube.com/watch?v=jZin92YQy9U	Maxim Oberkörperfrei auf einer Stute? Like!	praise	
	Matze St	Music	https://www.youtube.com/watch?v=6pe3_gCkHHk	Kein Wunder dass die Jugend voll verblödet..	insinuation	
	MrApplebee	Music	https://www.youtube.com/watch?v=6pe3_gCkHHk	ein Meisterwerk!	praise	
	helia dice	Music	https://www.youtube.com/watch?v=6pe3_gCkHHk	das ist der absolut geilste Satz in dem Song.	praise	
	Richard	Music	https://www.youtube.com/watch?v=6pe3_gCkHHk	beste Line überhaupt	praise	
	BLauEr HerbsT	Music	https://www.youtube.com/watch?v=6pe3_gCkHHk	geiler song....einfach nur GEIL!!!!	praise	
	Boltar	Lifestyle	https://www.e90-forum.de/index.php?thread/69542-xenon-entfernen/&postID=1767808#post1767808	Einfach ein paar gebrauchte Xenons rein tun und gut ist.	lecture	
	Brainny1	Lifestyle	https://www.e90-forum.de/index.php?thread/69542-xenon-entfernen/&postID=1767808#post1767808	Viel zu viel aufwand, nur um Murks zu betreiben.	dissence	
	rico67at	Lifestyle	https://www.e90-forum.de/index.php?thread/69542-xenon-entfernen/&postID=1767808#post1767808	Wie bereits gesagt: Nope, ist nicht möglich, da Xenon SW eben ein anderes Steuergerät haben.	lecture	
	EisDave	Lifestyle	https://www.e90-forum.de/index.php?thread/49657-vermessung-in-ordnung/&postID=1764709#post1764709	Wenn ich das Fahrzeugnieveau sehe, sollten hinten -1°55m bis -1°60m drin sein. 	lecture	
	"
Ben335"	Lifestyle	https://www.bmw-syndikat.de/bmwsyndikatforum/topic204919_Was_sagt_ihr_zu_diesen_problemen_im_E9x_hier!_.html&SearchTerms=e91	umsomehr elektronischer schnick schnack umsomehr probleme	insinuation	
	TheloniousMelodious	politics	https://www.tagesspiegel.de/berlin/coronakrise-in-berlin-und-brandenburg-anfragen-bei-verbraucherzentrale-mehr-als-verdoppelt/25655678.html#kommentare	Uneingeschränkte Zustimmung zu Ihrem Beitrag meinerseits.	praise	
	akamue	politics	https://www.tagesspiegel.de/politik/umstrittene-taz-kolumne-ein-innenminister-hat-nicht-das-recht-journalistinnen-fuer-strafbar-zu-erklaeren/26171176.html#kommentare	Eben noch das Wort, morgen die Tat.	insinuation	
	oscarherz	politics	https://www.tagesspiegel.de/politik/umstrittene-taz-kolumne-ein-innenminister-hat-nicht-das-recht-journalistinnen-fuer-strafbar-zu-erklaeren/26171176.html#kommentare	Der Innenminister hat sogar die Pflicht sich schützend vor seine Polizisten zu stellen	lecture	
	hdschmidt	politics	https://www.tagesspiegel.de/politik/umstrittene-taz-kolumne-ein-innenminister-hat-nicht-das-recht-journalistinnen-fuer-strafbar-zu-erklaeren/26171176.html#kommentare	Der einzige tragbare Bundesminister der letzten Jahre aus der CSU ist Herr Schmidt	insinuation	
	GEO65	politics	https://www.tagesspiegel.de/politik/umstrittene-taz-kolumne-ein-innenminister-hat-nicht-das-recht-journalistinnen-fuer-strafbar-zu-erklaeren/26171176.html#kommentare	Das ist Blödsinn...	dissence	
	carmichael	politics	https://www.tagesspiegel.de/politik/wie-weiter-nach-dem-brand-in-moria-laschet-will-1000-fluechtlinge-in-nrw-aufnehmen/26171270.html#kommentare	Höchstwahrscheinlich haben die Flüchtlingen das Lager selbstständig angesteckt.	insinuation	
	Horschti	politics	https://www.tagesspiegel.de/politik/wie-weiter-nach-dem-brand-in-moria-laschet-will-1000-fluechtlinge-in-nrw-aufnehmen/26171270.html#kommentare	Ungewollter, aber vorhersehbarer Nebeneffekt sind weitere Stimmenzuwächse im linken und rechten Lager.	lecture	
		politics	https://www.tagesspiegel.de/politik/wie-weiter-nach-dem-brand-in-moria-laschet-will-1000-fluechtlinge-in-nrw-aufnehmen/26171270.html#kommentare	Nun entpuppt er sich zusätzlich noch als Kinderfeind.	insinuation	
	Matty	politics	https://www.tagesspiegel.de/politik/wie-weiter-nach-dem-brand-in-moria-laschet-will-1000-fluechtlinge-in-nrw-aufnehmen/26171270.html#kommentare	Die Deutschen sind das ärmste Volk in Europa, also auch ärmer als die Griechen. 	insinuation	
	yoda	politics	https://www.tagesspiegel.de/politik/wie-weiter-nach-dem-brand-in-moria-laschet-will-1000-fluechtlinge-in-nrw-aufnehmen/26171270.html#kommentare	diese gekünstelte Statistik ist ein Fake, das muss Ihnen doch schon der Verstand sagen.	lecture	
	torsten379	politics	https://www.tagesspiegel.de/politik/wie-weiter-nach-dem-brand-in-moria-laschet-will-1000-fluechtlinge-in-nrw-aufnehmen/26171270.html#kommentare	Die zitierten Entscheidungsträger fordern im Grunde eine Neuauflage der Politik von 2015.	insinuation	
	paoloschoen	politics	https://www.tagesspiegel.de/politik/wie-weiter-nach-dem-brand-in-moria-laschet-will-1000-fluechtlinge-in-nrw-aufnehmen/26171270.html#kommentare	Wenn so wie von Maas gefordert die Flüchtlinge in Europa verteilt werden , brennen bald alle Flüchtlingslager	insinuation	
	Nur Vernunft	politics	https://www.zeit.de/gesellschaft/zeitgeschehen/2020-09/polizei-frankreich-vincent-gendrot-gewalt-protest-gelbwesten?page=2#comments	Aber auch die Polizei ist im Grunde nur ein Opfer, ein Opfer unfähiger Politiker und deren verfehlter Politik	insinuation	
	Ra-Jo	politics	https://www.zeit.de/gesellschaft/zeitgeschehen/2020-09/polizei-frankreich-vincent-gendrot-gewalt-protest-gelbwesten?page=2#comments	Schon mal was von Datenschutz gehört?	lecture	
	Tobsse	politics	https://www.zeit.de/gesellschaft/zeitgeschehen/2020-09/polizei-frankreich-vincent-gendrot-gewalt-protest-gelbwesten?page=2#comments	Das sie damit ihre Angangsbehauptung ad absurdum führen ist wohl offensichtlich	lecture	
	Borgdrohne	politics	https://www.zeit.de/gesellschaft/zeitgeschehen/2020-09/polizei-frankreich-vincent-gendrot-gewalt-protest-gelbwesten?page=2#comments	Der forist/die Foristin hat das gleiche Recht das zu fragen wie jede andere Person mit einer anderen Hautfarbe auch.	lecture	
	Borgdrohne	politics	https://www.zeit.de/gesellschaft/zeitgeschehen/2020-09/polizei-frankreich-vincent-gendrot-gewalt-protest-gelbwesten?page=2#comments	ist von den Umständen abhängig, aber in der Regel ja, da haben Sie recht.	Consession	
	Drucksache	politics	https://www.zeit.de/gesellschaft/zeitgeschehen/2020-09/polizei-frankreich-vincent-gendrot-gewalt-protest-gelbwesten?page=2#comments	Das ist alles Teil des Systems. Nur die Kapitaleinkünfte und die Modeling- und Beraterhonorare dürfen üppig ausfallen.	insinuation	
	Fahrinurlaub	politics	https://www.zeit.de/gesellschaft/zeitgeschehen/2020-09/polizei-frankreich-vincent-gendrot-gewalt-protest-gelbwesten?page=9#comments	Wer glaubt das es hier groß anders ist hat Illusionen!	lecture	
	BDLB	politics	https://www.zeit.de/gesellschaft/zeitgeschehen/2020-09/polizei-frankreich-vincent-gendrot-gewalt-protest-gelbwesten?page=9#comments	"Merken wir uns mal: ""Alle"" ist außerhalb der Mathematik und ein paar Sokrates-Mensch-Sätzen immer Quatsch. "	lecture	
	St.S	politics	https://www.zeit.de/2020/38/russland-alexej-nawalny-nord-stream-2-wladimir-putin-aussenpolitik#comments	Dieser Artikel ist ausgezeichnet und bringt es klar auf den Punkt	praise	
	Orgelpaul	politics	https://www.zeit.de/2020/38/russland-alexej-nawalny-nord-stream-2-wladimir-putin-aussenpolitik#comments	Dafür hat Herr Lau eine Leseschwäche.	insinuation	
	Herr der Hallen von Menegroth	politics	https://www.zeit.de/2020/38/russland-alexej-nawalny-nord-stream-2-wladimir-putin-aussenpolitik#comments	Der Nawalny-Stunt ist der Sargnagel der Wirkmacht der deutschen Medien.	insinuation	
	Think Tank	politics	https://www.zeit.de/2020/38/russland-alexej-nawalny-nord-stream-2-wladimir-putin-aussenpolitik#comments	Und wir dürfen dann wieder mal die Kosten übernehmen.	insinuation	
	Harmodios	politics	https://www.zeit.de/2020/38/russland-alexej-nawalny-nord-stream-2-wladimir-putin-aussenpolitik#comments	Es ist klar, dass Nawalny mit Nowitschok vergiftet wurde.	lecture	
	TimMueller	politics	https://www.tagesspiegel.de/berlin/ovations-boykott-im-bundestag-polizei-attackiert-sitzenbleiber-der-afd/26176022.html	"Die Poltiker die jetzt wieder so toll ""Helden"" schreien, haben bereits kurz danach wieder vergessen, für was ein Polizeibeamter alles den Kopf und Gesundheit hinhalten darf!"	insinuation	
	Klick	politics	https://www.tagesspiegel.de/berlin/ovations-boykott-im-bundestag-polizei-attackiert-sitzenbleiber-der-afd/26176022.html	Was für eine abscheulich-widerliche Partei!	dissence	
	BLM-PoC	politics	https://www.tagesspiegel.de/berlin/ovations-boykott-im-bundestag-polizei-attackiert-sitzenbleiber-der-afd/26176022.html	Aber Sie haben recht, es hat schon was von Heuchelei. 	consession	
	Wolfreif	politics	https://www.tagesspiegel.de/berlin/ovations-boykott-im-bundestag-polizei-attackiert-sitzenbleiber-der-afd/26176022.html	Nehmt Reälitäten wahr .	Lecture	
	akula	politics	https://www.tagesspiegel.de/berlin/ovations-boykott-im-bundestag-polizei-attackiert-sitzenbleiber-der-afd/26176022.html	Immer und immer wieder inflationär etwas Falsches zu behaupten ist übrigens üble Nachrede und ein Straftatbestand.	Lecture	
	Oyama	politics	https://www.tagesspiegel.de/berlin/ovations-boykott-im-bundestag-polizei-attackiert-sitzenbleiber-der-afd/26176022.html	Auch das natürlich sehr typisch für die rechtsradikale Hetze. 	Lecture	
	GEO65	politics	https://www.tagesspiegel.de/politik/kommunalwahl-in-nrw-ich-werde-staendig-sexistisch-angefeindet/26176354.html#kommentare	Das Interview haben Sie offensichtlich nicht verstanden, das war nämlich gar nicht das Thema.	Lecture	
	Undine	politics	https://www.tagesspiegel.de/wissen/christian-drosten-im-interview-wir-alle-sind-die-welle/26205276.html#kommentare	finde ich besonders wichtig, obwohl er auf den ersten Blick trivial klingt.	consession	
	Robert_Rostock	politics	https://www.tagesspiegel.de/wissen/christian-drosten-im-interview-wir-alle-sind-die-welle/26205276.html#kommentare	Insgesamt wirklich ein sehr gutes, informatives Interview. 	praise	
	ach	society	https://www.tagesspiegel.de/politik/neue-machtverhaeltnisse-die-bischoefe-brauchen-die-frauen/26208638.html	Wichtiger wäre allerdings, wenn Bund und Lönder aufhören würden, diesen Diskriminierungsvrein zu subventionieren.	Lecture	
	rena5	society	https://www.tagesspiegel.de/berlin/spielstrassen-zum-autofreien-tag-zeichnungen-mit-kreide-wo-sonst-auspuffe-knattern/26208628.html#kommentare	Spielstraßen sind wieder so eine Aktion, den Hass auf Autofahrer*innen auszuleben.	insinuation	
	Prenzlbaer	society	https://www.tagesspiegel.de/berlin/spielstrassen-zum-autofreien-tag-zeichnungen-mit-kreide-wo-sonst-auspuffe-knattern/26208628.html#kommentare	Nein, das haben sie nicht, das können sie nämlich gar nicht. 	Lecture	
	ach	society	https://www.tagesspiegel.de/berlin/fotos-aus-ost-berlin-1961-1980-als-kinder-in-panzern-durch-berlin-fuhren/26168104.html#kommentare	Also gab ja noch 4 Armeen, die im angeblich entmilitarisierten Groß-Berlin vertreten waren.	Lecture	
	Westpreussen	society	https://www.tagesspiegel.de/berlin/fotos-aus-ost-berlin-1961-1980-als-kinder-in-panzern-durch-berlin-fuhren/26168104.html#kommentare	Nach dem Grundlagenvertrag von 1972 waren solche ärgerlichen Aktionen sicher pas­sé. 	Lecture	
	Biene	politics	https://www.freitag.de/autoren/konstantin-nowotny/wir-muessen-gar-nichts#comments	ich wiederspreche zutiefst	dissence	
	mymind 	politics	 https://www.freitag.de/autoren/der-freitag/russland-verstehen#comments	Der 1. Absatz ist kompletter Quark	dissence	
	mymind 	politics	 https://www.freitag.de/autoren/der-freitag/russland-verstehen#comments	Haben Sie die Erklärung des Europäischen Parlaments vom 17.09.2020 gelesen? 	Lecture	
	Hareimue	politics	 https://www.freitag.de/autoren/der-freitag/russland-verstehen#comments	Russland soll, mit und ohne Putin, politisch und wirtschaftlich zerstört werden.	insinuation	
	mymind	politics	 https://www.freitag.de/autoren/der-freitag/russland-verstehen#comments	Was Sie oder ich als abenteuerlich halten, spielt keine Rolle. Mir geht es um Schlüssigkeit der Deutungen.	Lecture	
	surferks	politics	https://www.freitag.de/autoren/der-freitag/eigentum-muss-sich-wieder-lohnen#comments	Das Gegenteil ist der Fall.	dissence	
	iDog 	politics	https://www.freitag.de/autoren/der-freitag/eigentum-muss-sich-wieder-lohnen#comments	Daher ist diese Art der Ökonomie ja auch eine unintelligente Einbahnstraße.	Lecture	
	Bartleby 	politics	https://www.freitag.de/autoren/der-freitag/eigentum-muss-sich-wieder-lohnen#comments	Anders als durch die Entwicklung von Gemeinsinn ist der zivilisatorische Niedergang der letzten vierzig Jahre global nicht aufzuhalten. 	Lecture	
	goalive 	politics	https://www.freitag.de/autoren/der-freitag/eigentum-muss-sich-wieder-lohnen#comments	Haben Sie sich schon mal mit Kommunalrecht beschäftigt, so ein wenig, ansatzweise?	Lecture	
	Grenzpunkt 0 	Music	https://www.freitag.de/autoren/maxi-leinkauf/ich-bleibe-eben-bei-den-dramen-haengen#comments	Wer Musik von Gisbert zu Knyphausen liebt, wird auch Lenin Riefenstahl zu schätzen wissen.	Lecture	
	Bartleby	politics	https://www.freitag.de/autoren/elsa-koester/seehofer-bevormundet-uns-kommunen#comments	Sachlich betrachtet haben Sie absolut Recht.	consession	
	mardi51a	politics	https://www.freitag.de/autoren/elsa-koester/seehofer-bevormundet-uns-kommunen#comments	Das nach EU-Recht bestehende Selbsteintritts-Recht Deutschlands bei der Aufnahme von Geflüchteten unterliegt in gleicher Weise einem Willkürverbot.	Lecture	
	Holgi348ts	Lifestyle	https://www.carpassion.com/forum/thema/37425-fuchs-endrohe-für-348/	Optik: Genial !	praise	
	RomanGeub	Lifestyle	https://www.carpassion.com/forum/thema/37425-fuchs-endrohe-für-348/	Finde das eine sehr gute Lösung.	praise	
	Bernfried	politics	https://www.tagesspiegel.de/gesellschaft/csu-politikerin-entsetzt-ueber-sexistischen-spruch-dorothee-baer-verlaesst-erhard-stiftung-aus-protest/26212078.html#kommentare	Ich bin alles andere als ein Freund von Frau Chebli, aber das ist derartig geschmacklos und widerlich, das mir Spucke wegbleibt.	consession	
	changnoi	politics	https://www.tagesspiegel.de/gesellschaft/csu-politikerin-entsetzt-ueber-sexistischen-spruch-dorothee-baer-verlaesst-erhard-stiftung-aus-protest/26212078.html#kommentare	fuerchterlich! 	dissence	
	spazierengehen	politics	https://www.tagesspiegel.de/gesellschaft/csu-politikerin-entsetzt-ueber-sexistischen-spruch-dorothee-baer-verlaesst-erhard-stiftung-aus-protest/26212078.html#kommentare	Was für ein bekloppter, ekelhafter Kommentar. Wie tief kann man eigentlich sinken.	dissence	
	jay1972	politics	https://www.tagesspiegel.de/gesellschaft/csu-politikerin-entsetzt-ueber-sexistischen-spruch-dorothee-baer-verlaesst-erhard-stiftung-aus-protest/26212078.html#kommentare	Großen Respekt vor der Haltung von Frau Bär...Chapeau...	praise	
	Pedro_Garcia	politics	https://www.tagesspiegel.de/gesellschaft/csu-politikerin-entsetzt-ueber-sexistischen-spruch-dorothee-baer-verlaesst-erhard-stiftung-aus-protest/26212078.html#kommentare	Gruselig... 	dissence	
	FidFugUhlHei	Society 	https://www.tagesspiegel.de/gesellschaft/medien/schwarze-und-frauen-beleidigt-rbb-entschuldigt-sich-fuer-provokationen-in-schroeder-und-somuncu-podcast/26191156.html	Weiterhin sind die Medien gerade dabei George Orwell's 1984 zu implementieren	Insinuation	
	stefangruen	politics	https://www.tagesspiegel.de/berlin/spd-nur-noch-bei-15-prozent-gruen-schwarz-haette-erstmals-seit-jahren-eine-mehrheit-in-berlin/26213236.html#kommentare	Die Berliner CDU hat doch außer der extremen Landverschuldung und dem Bankenskandal mit Landowsky nichts zustande gebracht.	Insinuation	
	Paul_Kalbautzke	politics	https://www.tagesspiegel.de/berlin/schwedischer-konzern-kauft-4000-wohnungen-was-die-skandinavier-vorhaben-und-wie-berlin-reagiert/26209768.html#kommentare	Eine gigantische Umverteilung, die aber keine Thema für die Politiker ist.	Insinuation	
	PTT	society	https://www.tagesspiegel.de/gesellschaft/nach-heftiger-kritik-an-sexistischem-spruch-tichy-gibt-stiftungs-vorsitz-ab-und-verlaesst-journalistenpreis-jury/26212078.html	"Eigentlich kann man sich doch nur komplett von diesen Menschen distanzieren, die sich als ""konservatv- liberal"" bezeichnen. "	dissence	
	Exilleser	society	https://www.tagesspiegel.de/gesellschaft/nach-heftiger-kritik-an-sexistischem-spruch-tichy-gibt-stiftungs-vorsitz-ab-und-verlaesst-journalistenpreis-jury/26212078.html	sind bestimmt viele hier im Tsp-Forum, die nicht ausreichend lesen können, nicht wahr?	Insinuation	
	Polizeiphilosoph	society	https://www.tagesspiegel.de/gesellschaft/nach-heftiger-kritik-an-sexistischem-spruch-tichy-gibt-stiftungs-vorsitz-ab-und-verlaesst-journalistenpreis-jury/26212078.html	Sie haben leider Recht.	consession	
	Polizeiphilosoph	society	https://www.tagesspiegel.de/gesellschaft/nach-heftiger-kritik-an-sexistischem-spruch-tichy-gibt-stiftungs-vorsitz-ab-und-verlaesst-journalistenpreis-jury/26212078.html	Das ist nicht richtig und das wird auch nie richtig sein.	dissence	
	herjeh	society	https://www.tagesspiegel.de/gesellschaft/nach-heftiger-kritik-an-sexistischem-spruch-tichy-gibt-stiftungs-vorsitz-ab-und-verlaesst-journalistenpreis-jury/26212078.html	„Tichys Einblick“ ist nichts weiter als ein hetzerisches Schmierblatt.	dissence	
	PonyHuetchen	society	https://www.tagesspiegel.de/gesellschaft/nach-heftiger-kritik-an-sexistischem-spruch-tichy-gibt-stiftungs-vorsitz-ab-und-verlaesst-journalistenpreis-jury/26212078.html	Wenn Sie alles an der strafrechtlichen Relevanz messen, dürfen sie das hier diskutierte Zitat nicht beanstanden.	Lecture	
	yarramalong	society	https://www.tagesspiegel.de/gesellschaft/nach-heftiger-kritik-an-sexistischem-spruch-tichy-gibt-stiftungs-vorsitz-ab-und-verlaesst-journalistenpreis-jury/26212078.html	Ihr Vergleich hinkt gewaltig. 	dissence	
	remim	politics	https://www.zeit.de/politik/ausland/2020-09/us-wahl-2020-donald-trump-joe-biden-wahlkampf-liveblog?page=3#comments	Das ist ein Trugschluss. 	Lecture	
	Ein Gespenst geht um	politics	https://www.zeit.de/politik/ausland/2020-09/us-wahl-2020-donald-trump-joe-biden-wahlkampf-liveblog?page=3#comments	Bei der Hälfte liegt der IQ nunmal unter 100. Und dann wird's knapp.	insinuation	
	Keks1234	politics	https://www.zeit.de/politik/ausland/2020-09/us-wahl-2020-donald-trump-joe-biden-wahlkampf-liveblog?page=4#comments	Hat nur alles nichts mit der Realität zu tun, denn jegliche Umfrage die Sie finden werden im Internet (bis auf selbst gemachte) bestätigt, dass Trump weltweit sogar hinter Xi und Putin rangiert	Lecture	
	Gustav Staedtler	politics	https://deutsch.rt.com/inland/106581-demokratiefoerdergesetz-kritischer-blick-auf-scheinbar-edle-absicht/	Die demokratischen Regierungen bestehen nur noch aus agonisch hysterischen Satanisten	insinuation	
	Holti	politics	https://deutsch.rt.com/europa/107062-fall-nawalny-russland-will-antworten/	Fakt ist, das Sie sich besser nicht eingemischt hätten, dann wäre die unangenehme Situation nicht entstanden. 	Lecture	
	deppjones	politics	https://deutsch.rt.com/nordamerika/107060-trump-will-surpreme-court-schnell/	Die meisten die Bürger betreffenden Gesetze werden in den Bundesstaaten bestimmt. 	Lecture	
	Umlautlos	politics	https://deutsch.rt.com/nordamerika/107029-usa-zwei-polizisten-bei-protesten/	Ja, weiter so	praise	
	Na_DirDir	politics	https://www.tagesspiegel.de/berlin/spd-bangt-um-hochburgen-alarmstufe-rot-an-rhein-und-ruhr/26216336.html#kommentare	So was möchte der Wähler nicht.	dissence	
	margard	politics	https://www.tagesspiegel.de/berlin/spd-bangt-um-hochburgen-alarmstufe-rot-an-rhein-und-ruhr/26216336.html#kommentare	Nun zeigt sich die vorhergesagte Entwicklung. 	Lecture	
	hdschmidt	politics	https://www.tagesspiegel.de/berlin/sitzung-abgebrochen-berlins-verkehrssenatorin-verursacht-eklat-im-ber-untersuchungsausschuss/26219886.html#kommentare	"Eine solche Aussage ist ""0"" wert."	dissence	
	ford_perfect	politics	https://www.tagesspiegel.de/berlin/sitzung-abgebrochen-berlins-verkehrssenatorin-verursacht-eklat-im-ber-untersuchungsausschuss/26219886.html#kommentare	Hochgradig dilettantisch.	dissence	
	hdschmidt	politics	https://www.tagesspiegel.de/berlin/sitzung-abgebrochen-berlins-verkehrssenatorin-verursacht-eklat-im-ber-untersuchungsausschuss/26219886.html#kommentare	Sie kennt nur die Durchsetzung ihrer autofeindlichen Ideen.	Insinuation	
	hamburgwolfgang	politics	https://www.tagesspiegel.de/politik/nach-dem-ersten-tv-duell-trump-ist-der-sieger/26230838.html#kommentare	Da liegt CvM ja wohl völlig falsch.	dissence	
	Leser66	politics	https://www.tagesspiegel.de/politik/nach-dem-ersten-tv-duell-trump-ist-der-sieger/26230838.html#kommentare	Den Eindruck hatte ich beim Lesen, aber darüber kann man streiten.	consession	
	Apostata	politics	https://www.tagesspiegel.de/politik/nach-dem-ersten-tv-duell-trump-ist-der-sieger/26230838.html#kommentare	q.e.d. Wer 12-15% der aktiven und x % der schweigenden Bevölkerung ausschließt, darf sich nicht wundern, wenn er mit einem Typen wie Trump aufwacht.	Lecture	
	Gophi	politics	https://www.tagesspiegel.de/politik/nach-dem-ersten-tv-duell-trump-ist-der-sieger/26230838.html#kommentare	Ein Wunschdenken gegen das andere Wunschdenken, scheint mir.	Lecture	
	ichsachmal	politics	https://www.tagesspiegel.de/politik/nach-dem-ersten-tv-duell-trump-ist-der-sieger/26230838.html#kommentare	Gut gebrüllt Korsowolf!	praise	
	Mercury	politics	https://www.tagesspiegel.de/politik/nach-dem-ersten-tv-duell-trump-ist-der-sieger/26230838.html#kommentare	"Es wäre mir neu, dass der Sinn von Journalismus darin liegen sollte einen ""Favoriten"" zu haben und die entsprechenden Artikel sozusagen in Wahlkampfform zurechtzubiegen."	Lecture	
	Funkemariechen	politics	https://www.tagesspiegel.de/politik/nach-dem-ersten-tv-duell-trump-ist-der-sieger/26230838.html#kommentare	"Falsche Analyse.
"	dissence	
	Mmh	politics	https://www.tagesspiegel.de/politik/nach-dem-ersten-tv-duell-trump-ist-der-sieger/26230838.html#kommentare	Ein sehr interessanter Punkt im Nachgang dieses TV-Duells ist, wie es in den konservativen amerikanischen Medien bewertet wird.	Lecture	
	MahNaMahNa	politics	https://www.tagesspiegel.de/politik/nach-dem-ersten-tv-duell-trump-ist-der-sieger/26230838.html#kommentare	Ich stimme der Analyse zu, das waren auch meine Gedanken. 	consession	
	Walker	news	https://www.tagesspiegel.de/berlin/schwedischer-konzern-auf-einkaufstour-weitere-haeuserverkaeufe-an-heimstaden-in-berlin-bekannt/26231162.html#kommentare	Das Grundgesetz schützt grundsätzlich auch jeden Bürger innerhalb der Grenzen der Bundesrepublik Deutschland.	Lecture	
	Doktor Fuchs	politics	https://www.zeit.de/politik/deutschland/2020-10/andreas-scheuer-maut-betreiber-vertragskuendigung#comments	Was glauben Sie, was die USA seit Jahrzehnten macht?	lecture	
	"Stinkstiefelrich
"	politics	https://www.zeit.de/politik/deutschland/2020-10/andreas-scheuer-maut-betreiber-vertragskuendigung#comments	Und der nachfolgende Beitrag von Hefti macht die Sache auch nicht besser.	dissence	
	"avalon64
"	society	https://www.zeit.de/politik/deutschland/2020-10/rechtsextremismus-polizist-nordrhein-westfalen-bielefeld?page=3#comments	Eigentlich gebietet die Logik anzunehmen, dass zu jeder Chatgruppe jede Menge Mitwisser gehören, die das Ganze tolerieren und nicht melden. 	lecture	
	"BPecuchet
"	society	https://www.zeit.de/gesellschaft/zeitgeschehen/2018-09/rechtsxtremismus-todesopfer-gewalt-verdacht#comments	Das ist Journalismus at it's best. 	Praise	
	Quer-Rulant	society	https://www.zeit.de/gesellschaft/zeitgeschehen/2018-09/rechtsxtremismus-todesopfer-gewalt-verdacht#comments	Falsch, hier werden ganz bestimmte Opfer herausgestellt	dissence	
	Mr.Finch	society	https://www.zeit.de/gesellschaft/zeitgeschehen/2018-09/rechtsxtremismus-todesopfer-gewalt-verdacht?page=3#comments	Es ist absolut erschütternd, über die Fälle hier zu lesen.	dissence	
	Drakonia	society	https://www.zeit.de/gesellschaft/zeitgeschehen/2018-09/rechtsxtremismus-todesopfer-gewalt-verdacht?page=3#comments	Wunderbar.	praise	
	"SigiRuestig
"	society	https://www.zeit.de/gesellschaft/zeitgeschehen/2018-09/rechtsxtremismus-todesopfer-gewalt-verdacht?page=5#comments	Gehts noch blöder?	dissence	
	"Media criticus
"	society	https://www.zeit.de/gesellschaft/zeitgeschehen/2018-09/rechtsxtremismus-todesopfer-gewalt-verdacht?page=8#comments	Das Problem bei solchen Fällen wird auch hier sehr deutlich.	Lecture	
	PeTeEr	society	https://www.zeit.de/gesellschaft/zeitgeschehen/2018-09/rechtsxtremismus-todesopfer-gewalt-verdacht?page=8#comments	Die Umstände des Foltertodes von Sänger Jim Reeves im Jahr 2016 legen eine homophobe, aber auch rassistische Motivation der Täter durchaus nahe	Lecture	
	Tobisch	Lifestyle	https://forum.wildundhund.de/threads/merkel-kr-1.114406/	Ich bin genervt von dieser Waffe.	dissence	
	Ringo	Lifestyle	https://forum.wildundhund.de/threads/nosler-e-tip-308.115222/	Das klingt ja sehr gut.	praise	
	 icorvusi	Lifestyle	https://forum.wildundhund.de/threads/nosler-e-tip-308.115222/	Beim schweren (langen) 168er könnte es schon zu Problemen mit dem Drall kommen (könnte bei 1:12)	Lecture	
	Totto	Lifestyle	https://forum.wildundhund.de/threads/erfahrung-geco-zero-136grs-in-30-06.128834/	Gute Wirkung auch auf schwaches Rehwild. 	praise	
	Jon	Lifestyle	https://forum.wildundhund.de/threads/erfahrung-geco-zero-136grs-in-30-06.128834/	Das ist ja kein Zufall, sondern beabsichtigte Wirkung, die man als Käufer bewusst dort jagdlich ansetzt wo man sich einen Nutzen davon verspricht.	Lecture	
	Esmi	Lifestyle	https://forum.wildundhund.de/threads/wechsel-blei-schrot-auf-xxxxxx.128909/page-3	Wie gesagt, wenn es eine signifikante Nachfrage gibt wird es auch ein Angebot geben.	Lecture	
	lusches	Lifestyle	https://www.superjagd.com/forum/thema/steyr-mannlicher-5-6x57	Das Kaliber ist sehr gut auf Gams und Reh und vor allen Dingen auf den weiten Fuchs	praise	
	beat126	politics	https://www.tagesspiegel.de/politik/der-groesste-skandal-dieses-wahlkampfs-trump-und-pence-verhoehnen-die-demokratie/26257348.html#kommentare	Schlagworte lösen keine Probleme. Politiker, Medienschaffende und Konsumenten schaffen sie erst indem sie sie zur Krise heraufbeschwören.	Lecture	
	Charybdis66	politics	https://www.tagesspiegel.de/politik/der-groesste-skandal-dieses-wahlkampfs-trump-und-pence-verhoehnen-die-demokratie/26257348.html#kommentare	Das sehe ich absolut anders.	dissence	
	MaerkerinderMark	politics	https://www.tagesspiegel.de/politik/rki-meldet-mehr-als-4000-neuinfektionen-spahn-nennt-pandemie-charaktertest-fuer-unsere-gesellschaft/26256618.html#kommentare	"Sehr einseitige Sicht auf die Dinge...
"	dissence	
	Anchorage	politics	https://www.tagesspiegel.de/politik/diese-pruefung-wuerde-ich-fuer-mich-bestehen-gruenen-chef-habeck-traut-sich-zu-kanzler-zu-werden/26257228.html#kommentare	Mit einer solchen Unterstützung durch die Medien kann man auch Kanzler werden, wenn man Kinderbuchautor ist und ansonsten keinerlei Fachkenntnisse auf irgend einem Gebiet hat.	insinuation	
	carnet	politics	https://www.tagesspiegel.de/politik/diese-pruefung-wuerde-ich-fuer-mich-bestehen-gruenen-chef-habeck-traut-sich-zu-kanzler-zu-werden/26257228.html#kommentare	Gut erkannt.	Praise	
	Westpreussen	politics	https://www.tagesspiegel.de/politik/diese-pruefung-wuerde-ich-fuer-mich-bestehen-gruenen-chef-habeck-traut-sich-zu-kanzler-zu-werden/26257228.html#kommentare	Ein Großteil der Berliner hat nämlich keinen Bock auf die genderbewahnten Grünen oder die sozialistischen Flausen der Linkspartei.	dissence	
	Spreesurfer	politics	https://www.tagesspiegel.de/berlin/vor-der-raeumung-der-liebig34-die-polizei-liefert-genau-die-bilder-die-die-autonomen-haben-wollen/26253956.html#kommentare	Es ist sehr bedauerlich, dass in einer ordentlichen Tageszeitung so offen mit sympathisiert wird.  	dissence	
	don_krawallo	politics	https://www.tagesspiegel.de/berlin/vor-der-raeumung-der-liebig34-die-polizei-liefert-genau-die-bilder-die-die-autonomen-haben-wollen/26253956.html#kommentare	Dafuer darf die Polizei grundsaetzlich auf alle Mittel zurueckgreifen, die ihr von Gesetzes wegen in die Haende gelegt werden.	Lecture	
	Kath11	politics	https://www.tagesspiegel.de/berlin/vor-der-raeumung-der-liebig34-die-polizei-liefert-genau-die-bilder-die-die-autonomen-haben-wollen/26253956.html#kommentare	Ich finde diesen Kommentar von Frau Haarbach doch recht befremdlich. 	dissence	
	Sokratis	politics	https://www.tagesspiegel.de/berlin/vor-der-raeumung-der-liebig34-die-polizei-liefert-genau-die-bilder-die-die-autonomen-haben-wollen/26253956.html#kommentare	Der Kommentar ist unglaublich verlogen und perfide.	dissence	
	matbhm	politics	https://www.tagesspiegel.de/berlin/vor-der-raeumung-der-liebig34-die-polizei-liefert-genau-die-bilder-die-die-autonomen-haben-wollen/26253956.html#kommentare	Richtig ist, dass Wohnen keine Ware ist. 	consession	
	matbhm	politics	https://www.tagesspiegel.de/berlin/vor-der-raeumung-der-liebig34-die-polizei-liefert-genau-die-bilder-die-die-autonomen-haben-wollen/26253956.html#kommentare	Der Artikel ist an Absurdität nicht zu überbieten.	dissence	
	Djavan	news	https://www.tagesspiegel.de/berlin/polizei-justiz/polizeimeldungen-aus-berlin-im-blog-mann-faehrt-kind-an-und-begeht-fahrerflucht/25616846.html#kommentare	Der Mindestabstand ist ja zum Eigenschutz des Radfahrers und nicht zum Schutz der Autotür und entbindet den Insassen nicht von seiner Pflicht zur Vorsicht.	Lecture	
	dissentio	news	https://www.tagesspiegel.de/berlin/wutausbruch-im-nicht-risikogebiet-die-mehrheit-der-berliner-muss-fuer-die-innenstadt-buessen/26257086.html#kommentare	Und diese ganze Versager-Rhetorik mit zu wenig Stellen bei Polizeit und Ordnungsämtern etc. kann ich kaum mehr ertragen.	dissence	
	"MapleRidge
"	politics	https://www.zeit.de/politik/ausland/2020-10/anthony-scaramucci-republikaner-fuer-joe-biden-us-wahl/seite-4	Man muss Scaramucci nicht mögen, respektieren kann man ihn schon.	consession	
	Stoledjangee	politics	https://www.zeit.de/politik/ausland/2020-10/anthony-scaramucci-republikaner-fuer-joe-biden-us-wahl/seite-4	Was viele nicht wissen: Republikaner und Demokraten haben im laufe der Geschichte quasi die Rollen getauscht.	Lecture	
	"Lalopre
"	politics	https://www.zeit.de/politik/ausland/2020-10/anthony-scaramucci-republikaner-fuer-joe-biden-us-wahl/seite-4	Ich sehe eigentlich überhaupt nichts inhaltlich falsches in seinen Aussagen hier, was mich tatsächlich sehr erstaunt.	consession	
	Vierauge	politics	https://www.zeit.de/politik/ausland/2020-10/anthony-scaramucci-republikaner-fuer-joe-biden-us-wahl/seite-4	das war nicht, was Scaramucci gemeint hat	Lecture	
	Anfang und Ende	politics	https://www.zeit.de/politik/ausland/2020-10/anthony-scaramucci-republikaner-fuer-joe-biden-us-wahl/seite-4	Irgendwie beschämend.	dissence	
	CasualObserver	politics	https://www.zeit.de/politik/ausland/2020-10/anthony-scaramucci-republikaner-fuer-joe-biden-us-wahl/seite-4	Irgendwie tragisch, dass er sich zwar offen-naiv zu seinen Fehltritten bekennt, aber nicht merkt, dass er sich charakterlich kein Stück geändert hat.	insinuation	
	sonika	politics	https://www.zeit.de/politik/ausland/2020-10/anthony-scaramucci-republikaner-fuer-joe-biden-us-wahl?page=7#comments	Scaramuccis Aussage ist mehr als daneben.	dissence	
	Koga jebe	politics	https://www.zeit.de/politik/ausland/2020-10/anthony-scaramucci-republikaner-fuer-joe-biden-us-wahl?page=7#comments	Amüsantes Interview. Danke.	praise	
	"E.R. Lernt
"	politics	https://www.zeit.de/politik/ausland/2020-10/anthony-scaramucci-republikaner-fuer-joe-biden-us-wahl?page=10#comments	Sieht man Trumps Wirken aber von dessen Standpunkt aus, dann hat er in seinen vier Jahren eine Kette von Erfolgen erzielt, die der politischen Agenda der Republikaner entsprechen.	Lecture	
	"August S
"	politics	https://www.zeit.de/politik/ausland/2020-10/anthony-scaramucci-republikaner-fuer-joe-biden-us-wahl?page=10#comments	Ihm ist Trump einfach noch ein bisschen zu sozialistisch. Die Handelshemmnisse nerven ihn. Nichts weiter.	insinuation	
	"Donez
"	politics	https://www.zeit.de/politik/deutschland/2020-10/anschlag-breitscheidplatz-hans-georg-maassen-terrorismus-polizei-versagen?page=3#comments	So ist es.	consession	
	ansaj G	Music	https://www.youtube.com/watch?v=PxXrgRN4rig	ch würde es am liebsten noch tausend mal liken, so gut ist es	praise	
	"
Miss Marla Singer
"	Music	https://www.youtube.com/watch?v=PxXrgRN4rig	Das ist so eine geile Kombi..	praise	
	"
Seidel
"	Music	https://www.youtube.com/watch?v=PxXrgRN4rig	Das Lied ist mit eines der besten Lieder was jemals in der Deutsch rap Szene gemacht wurde	praise	
	"
Natalie Unterberger
"	Music	https://www.youtube.com/watch?v=rJElxdWHvr4&list=RDPxXrgRN4rig&index=2	Er ist so korrekt. Die Message ist mega.	praise	
	"
Damien Schrader
"	Music	https://www.youtube.com/watch?v=rJElxdWHvr4&list=RDPxXrgRN4rig&index=2	"ch muss sagen, dass ich gar kein Fan von Rap bin, da es dort zu häufig um ""Muttergeficke"" oder Ähnliches geht, aber wenn ich dann Künstler wie Kontra K, Dame oder Raportagen höre, fange ich an zu verstehen, dass das Genre ""Rap"" wirklich sehr sehr gut sein kann."	consession	
	PC Principal	Music	https://www.youtube.com/watch?v=rJElxdWHvr4&list=RDPxXrgRN4rig&index=2	Junge allein das Musikvideo ist Brutal. Was für Capital und Loredana alter? Das ist Deutschrap!	praise	
	Daki	Music	https://www.youtube.com/watch?v=rJElxdWHvr4&list=RDPxXrgRN4rig&index=2	Der Bruder, der Klimmzüge an der Brücke gemacht hat, hat mehr Eier bewiesen als die ganze Deutschrapszene	praise	
	Udo Lorenz 	News	https://www.faz.net/aktuell/wirtschaft/digitec/noten-fuer-die-digitalisierung-diese-staedte-sind-schon-smart-und-diese-nicht-16992689.html#lesermeinungen	fehlende Energie kann ein Smart Grid auch nicht herbeizaubern.	lecture	
	Hans List 	News	https://www.faz.net/aktuell/wirtschaft/digitec/noten-fuer-die-digitalisierung-diese-staedte-sind-schon-smart-und-diese-nicht-16992689.html#lesermeinungen	Ich weiß nicht, ob Sie's schon wussten, die Schlauheit des Fuchses besteht zu 80% aus der Dummheit der Hühner.	lecture	
	Udo Lorenz 	News	https://www.faz.net/aktuell/wirtschaft/digitec/noten-fuer-die-digitalisierung-diese-staedte-sind-schon-smart-und-diese-nicht-16992689.html#lesermeinungen	Vattenfall will das Kraftwerk nun stilllegen - aufmerksame Leser wissen das.	lecture	
	Edgar Thielsch 	News	https://www.faz.net/aktuell/wirtschaft/digitec/noten-fuer-die-digitalisierung-diese-staedte-sind-schon-smart-und-diese-nicht-16992689.html#lesermeinungen	Eine digitale Gesellschaft braucht IT-Knowhow in den Köpfen.	lecture	
	Eglisius	Politics	https://talk.lagedernation.org/t/ldn-208-known-bug-in-der-corona-warn-app-cwa/2363	Danke für Eure tolle und wertvolle Arbeit, macht weiter so	Praise	
	DansteStedao	Politics	https://talk.lagedernation.org/t/die-polizei-und-die-gesellschaft/1067/9	in den Schlussfolgerungen stimme ich absolut überein.	Consession	
	vieuxrenard	Politics	https://talk.lagedernation.org/t/ldn200-neubau-funktioniert-nicht/832/5	Der Wohnungsmarkt ist leider alles andere als ein perfekter Markt. 	lecture	
	Hufschmied	Politics	https://talk.lagedernation.org/t/bitte-keine-kampfbegriffe-mehr-nazis/1689	Interessant, du würdest den Begriff Neonazi als von Nazi trennen im Bezug auf die normative Implikation?	lecture	
	Nivatius	Politics	https://talk.lagedernation.org/t/bitte-keine-kampfbegriffe-mehr-nazis/1689	Wenn man von Nazis spricht betont man die Kontinuität zwischen des Faschismus des Dritten Reiches und rechtsextremen Umtrieben in Deutschland heute.	lecture	
	0	Politics	https://talk.lagedernation.org/t/bitte-keine-kampfbegriffe-mehr-nazis/1689	Im engeren Sinne hast du sicher Recht, dass es sich hier eigentlich um eine verkürzte Wortform von Neo-Nazi handelt.	Consession	
	Hufschmied	Politics	https://talk.lagedernation.org/t/bitte-keine-kampfbegriffe-mehr-nazis/1689	Zum Punkt der Äquivalenz stimme ich dir zu.	Consession	
	Grenzpunkt 0	Science	https://www.freitag.de/autoren/ulrike-baureithel/antworten-zu-covid#comments	Weiterhin ist zu berücksichtigen wie die Kette von der Probenahme bis zur Übermittlung der Zahlen eingehalten wird. 	lecture	
	rioja 	Science	https://www.freitag.de/autoren/ulrike-baureithel/antworten-zu-covid#comments	Epochales ist immer etwas Gr0ßes.	lecture	
	WuMing 	Science	https://www.freitag.de/autoren/ulrike-baureithel/antworten-zu-covid#comments	Ich will Amazon nicht verteidigen, aber versandkostenfrei können sie da ab 20 Euro kaufen.	Consession	
	Knossos	politics	https://www.freitag.de/autoren/pep/die-cum-ex-aufarbeitung-droht-zu-scheitern#comments	Den kleinen Leuten wird nicht nur Unrentables angedreht, sondern auch noch versucht, ihnen Rentables abzuknöpfen. 	insinuation	
	Flegel	politics	https://www.freitag.de/autoren/pep/die-cum-ex-aufarbeitung-droht-zu-scheitern#comments	Bei dem ganzen Vorgang fällt die Straflosigkeit für alle Beteiligten auf.	lecture	
	Magda 	politics	https://www.freitag.de/autoren/dr-michael-strautmann/die-politik-der-zukunft#comments	Sie wird geschätzt auf der Welt und das ist durchaus verdient und begründet.	praise	
	pleifel 	politics	https://www.freitag.de/autoren/dr-michael-strautmann/die-politik-der-zukunft#comments	Mit diesen Worthülsen werden jedenfalls keine Probleme gelöst und die sichtbaren Probleme deutscher Großprojekte scheinen dann die Methode 'agil' auch nicht richtig verstanden zu haben	dissence	
	Flegel	politics	https://www.freitag.de/autoren/the-guardian/das-schreckgespenst#comments	Politik hätte durchaus die Alternative zur Verfügung gestanden, die Bankeigentümer zum Schadensersatz heranzuziehen.	lecture	
	Love Deutschrap	Music	https://www.youtube.com/watch?v=xmsbbPj_5Wk	Der Junge dropt mehr Bretter als ein Baumarkt	praise	
	Kxa_ ma	Music	https://www.youtube.com/watch?v=tGrq8yhrsdw	Seit gestern am Dauerschleife im Auto hören.	praise	
	"
Davide Travisano
"	Music	https://www.youtube.com/watch?v=tGrq8yhrsdw	Ein no Go ist der Typ ehrenlos und geschmacklos	dissence	
	"DIYARBAKIRLI MAZLUM2101
"	Music	https://www.youtube.com/watch?v=tGrq8yhrsdw	ER IST UND BLEIBT DER BESTE RAPPER!	praise	
	Xeyetic	Music	https://www.youtube.com/watch?v=tGrq8yhrsdw	Einer der besten Tracks des Jahres.	praise	
	Chris1111116	Music	https://www.youtube.com/watch?v=QgYeVUjjMS8	 geiler Track bitte mehr davon!	praise	
	"Panda
"	Music	https://www.youtube.com/watch?v=7qdHZo9zXt8	absoluter Ehrenmann	praise	
	J C	Music	https://www.youtube.com/watch?v=7qdHZo9zXt8	 Feier diese chilligen beats	praise	
	rex blue	Music	https://www.youtube.com/watch?v=QgYeVUjjMS8	dope! übertriebener beat, geile delivery!	praise	
	Leo Maglia	Music	https://www.youtube.com/watch?v=QgYeVUjjMS8	Geiler Beat	praise	
	hans meiser	Music	https://www.youtube.com/watch?v=QgYeVUjjMS8	Das gefällt mir!	praise	
	zakvacen	Music	https://www.youtube.com/watch?v=QgYeVUjjMS8	Geiler Song!!!!!! Mach weiter so!	praise	
	xchillexdc	Music	https://www.youtube.com/watch?v=QgYeVUjjMS8	brutaler hätte mans nicht machen können. echt nice	praise	
	Mux Mastermann	Music	https://www.youtube.com/watch?v=QgYeVUjjMS8	Dicker Sound!! Sehr nice!!	praise	
	Jot Ha	Music	https://www.youtube.com/watch?v=QgYeVUjjMS8	 Stabiler Typ!	praise	
	Official ARL	Music	https://www.youtube.com/watch?v=QgYeVUjjMS8	Unfassbar großartig!!	praise	
	Itsya Boy	Music	https://www.youtube.com/watch?v=QgYeVUjjMS8	Ehrenmann irgendwie	praise	
	"Zrole-_-
"	Music	https://www.youtube.com/watch?v=csA3Ie-VIbs	Fühl ich zu 100 % die Aussage	praise	
	Saarbrigge du geila	Music	https://www.youtube.com/watch?v=csA3Ie-VIbs	ich bin nicht der größte Capital Fan, aber das Lied hör schon ewig und es ist immernoch geil	consession	
	"Mal Rahj
"	Music	https://www.youtube.com/watch?v=qvRmNBD0tEs	ihr seid grauenhaft	dissence	
	"
MrKudl74
"	Music	https://www.youtube.com/watch?v=qvRmNBD0tEs	tolle band.	praise	
	Reza Tayebi	Music	https://www.youtube.com/watch?v=qvRmNBD0tEs	Ich liebe das, Sehr Gut!	praise	
	"
Hannoi
"	Music	https://www.youtube.com/watch?v=qvRmNBD0tEs	Klingt ein bißchen zu sehr nach Rio, aber trotzdem gut.	consession	
	LLUMINEM1	Music	https://www.youtube.com/watch?v=qvRmNBD0tEs	hier bischen auf rio reiser machen wa?	insinuation	
	TiKn	Music	https://www.youtube.com/watch?v=55bN5aSdOnQ	Das neue Album ist echt gut geworden.	praise	
	Benjamin Marwede	Music	https://www.youtube.com/watch?v=55bN5aSdOnQ	Das ist die langweiligste musik die ich kenne	dissence	
	Mario Heinz	Music	https://www.youtube.com/watch?v=2gFV-YVhJjg	Ehrliche Musik, kein Kitsch, wirklich sehr gefühlvoll!	praise	
	Rafail Findanis	Music	https://www.youtube.com/watch?v=3-Oe1XzxCw8	Ich hör meistens nur us rap oder metal doch feier das Lied	consession	
	"
Enrico
"	Music	https://www.youtube.com/watch?v=lD5ELoiXJMQ	Ihr seit einfach geil.	praise	
	"
Ondré Lepuaf
"	Music	https://www.youtube.com/watch?v=vH1poPSIvOk	Ein wahrhaftes Meisterstück von Deichkind.	praise	
	verhoeven	Politics	https://www.tagesspiegel.de/berlin/verdacht-auf-steuerhinterziehung-staatsanwaltschaft-ermittelt-gegen-ex-bausenatorin-lompscher/26299452.html#kommentare	na ja, Wasser predigen und Wein trinken	Insinuation	
	krischoo	Lifestyle	https://stilmagazin.de/forum/threads/erfahrungen-mit-kellys-kiel.32267/page-4	ich mag eben keine schulterpolsterungen.	dissence	
	Scarlatti	Lifestyle	https://stilmagazin.de/forum/threads/was-passt-an-diesem-sakko-nicht.33888/page-2	Abgesehen von den modischen Fragwürdigkeiten sind hier aber auch Dinge vorhanden, die sicher nicht im Sinne der aktuellen Mode sein dürften, z.B. ein Collar Gap, der so groß ist, wie der Grand Canyon.	Lecture	
	Pat7	politics	https://www.tagesspiegel.de/politik/corona-in-den-usa-und-europa-trump-reagierte-falsch-aber-wer-reagiert-richtig/26302390.html#kommentare	Nur weil Äpfel und Birnen Obst sind, macht es nochlange keinen Sinn die zu vergleichen.	Lecture	
	GBB	politics	https://www.tagesspiegel.de/politik/corona-in-den-usa-und-europa-trump-reagierte-falsch-aber-wer-reagiert-richtig/26302390.html#kommentare	Wer gestern die Debatte zwischen Trump und Biden aufmerksam verfolgt hat, kennt die Antwort von Biden.	Lecture	
	Gophi	politics	https://www.tagesspiegel.de/politik/corona-in-den-usa-und-europa-trump-reagierte-falsch-aber-wer-reagiert-richtig/26302390.html#kommentare	Wir tendieren dazu, Gefahren, die neu sind, zu überschätzen und Gefahren, an die wir uns gewöhnt haben, zu unterschätzen, letzteres massiv.	Lecture	
	seb_	politics	https://www.tagesspiegel.de/berlin/elf-wirte-waren-bereits-erfolgreich-berliner-verwaltungsgericht-hebt-sperrstunde-fuer-20-weitere-lokale-auf/26301926.html#kommentare	Sorry aber die Entscheidung ist gänzlich unrichtig.	dissence	
	goobe	politics	https://www.tagesspiegel.de/berlin/elf-wirte-waren-bereits-erfolgreich-berliner-verwaltungsgericht-hebt-sperrstunde-fuer-20-weitere-lokale-auf/26301926.html#kommentare	Das ist ein interessantes Argument. 	consession	
	eucrit	politics	https://www.tagesspiegel.de/politik/skandal-in-der-letzten-tv-debatte-vor-der-wahl-wie-trump-versucht-biden-eine-schmutzkampagne-anzuhaengen/26301506.html#kommentare	Es darf auch nicht verwundern, dass es Hinweise gibt, dass der Maidan-Aufstand von den USA gekauft wurde.	Lecture	
	SIKOAlex	politics	https://www.tagesspiegel.de/politik/skandal-in-der-letzten-tv-debatte-vor-der-wahl-wie-trump-versucht-biden-eine-schmutzkampagne-anzuhaengen/26301506.html#kommentare	Der Mann ist ein trockener Junkie, der als junger Mann zu viel Kokain konsumiert hat und im Leben nichts auf die Beine gebracht bekommen hat. So sieht es aus.	Insinuation	
	Mopshase12	politics	https://www.tagesspiegel.de/berlin/erster-termin-der-neuen-bvg-chefin-berlin-bekommt-200-neue-doppeldeckerbusse/26294532.html#kommentare	Nehmen Sie sich mal etwas zusammen und lesen Sie ein Bisschen was über das Thema, bevor Sie sich aufregen. 	Lecture	
	T.Setzer	news	https://www.tagesspiegel.de/wirtschaft/streit-ueber-vegetarische-ersatzprodukte-der-veggie-burger-darf-bleiben/26291458.html#kommentare	Leider ist der Artikel unangemessen schlampig geschrieben.	dissence	
	Punkt12	sports	https://www.tagesspiegel.de/sport/der-1-fc-union-in-der-saison-2020-21-mit-fans-gegen-freiburg-fuer-den-senat-ein-falsches-signal/24349290.html#kommentare	Das ist wieder ein grandioser Transfer für die Berliner. 	Praise	
	tandor	sports	https://www.tagesspiegel.de/sport/der-1-fc-union-in-der-saison-2020-21-mit-fans-gegen-freiburg-fuer-den-senat-ein-falsches-signal/24349290.html#kommentare	Armutszeugnis von Union.	dissence	
	12459	sports	https://www.tagesspiegel.de/sport/der-1-fc-union-in-der-saison-2020-21-mit-fans-gegen-freiburg-fuer-den-senat-ein-falsches-signal/24349290.html#kommentare	"Ich halte Ihren Standpunkt, dass man in einem Fußballstadion mit allen anderen Zuschauern in Kontakt kommt, für ""erschütternd einfältig"". "	Lecture	
	Katamaus 	sports	https://www.kampfkunst-board.info/forum/showthread.php?190467-Welches-Ausdauergerät&s=d8ed69cc2162eefc3c2f60b102e9c1fc	Da kann man prima Intervall fahren	praise	
	marq	sports	https://www.kampfkunst-board.info/forum/showthread.php?190613-Kraftstandards-fuer-5x5/page3	das wichtigste im training ist allerdings ein sinnvoller trainingsplan , der mit freude lange zeit durchgezogen wird.	Lecture	
	dokumentwissen	News	https://www.zeit.de/wissen/gesundheit/2020-10/coronavirus-aktuell-neuinfektionen-covid-19-ausbreitung-live?page=2#comments	Auch wer sich nach Ansteckung und Durchleben der Krankheit sicher glaubte, muss wissen, dass er sich neu anstecken kann und dann evtl. „härtere Zeiten“ durchmacht als beim 1. mal.	Lecture	
	Ego-Shooter	News	https://www.zeit.de/wissen/gesundheit/2020-10/coronavirus-aktuell-neuinfektionen-covid-19-ausbreitung-live?page=2#comments	Ein Virus kann nicht klug sein, es hat kein Bewusstsein. 	Lecture	
	Tullux	News	https://www.zeit.de/wissen/gesundheit/2020-10/coronavirus-aktuell-neuinfektionen-covid-19-ausbreitung-live?page=2#comments	Thailand ist ein gutes Beispiel.	Praise	
	Jesus H Christ	News	https://www.zeit.de/wissen/gesundheit/2020-10/coronavirus-aktuell-neuinfektionen-covid-19-ausbreitung-live?page=4#comments	Maßlos überschätzt, der Mann.	dissence	
	"charlie_golf
"	News	https://www.zeit.de/wissen/gesundheit/2020-10/coronavirus-aktuell-neuinfektionen-covid-19-ausbreitung-live?page=4#comments	Schlechtes Vorbild und politisch überbewertet	dissence	
	Erwin Dufner 	News	https://www.faz.net/aktuell/politik/ausland/warum-die-pandemie-die-tschechen-so-schlimm-heimsucht-17016670.html#lesermeinungen	Irgend wie leuchtet mir das nicht ein.	dissence	
	Thomas Tobias 	News	https://www.faz.net/aktuell/politik/ausland/warum-die-pandemie-die-tschechen-so-schlimm-heimsucht-17016670.html#lesermeinungen	Etwas überhebliche Sichtweise	dissence	
	Frank Aschhoff 	politics	https://www.faz.net/aktuell/politik/wahl-in-amerika/tweets-zum-tv-duell-zwischen-trump-und-biden-17016615.html	Es geht um die Präsidentschaft der ehemals größten Nation der Welt, da ist Personenbashing nicht mal mehr armselig zu nennen. 	dissence	
	Torsten Scherf 	politics	https://www.faz.net/aktuell/politik/inland/marlene-grunert-berlin-17016966.html	Insofern klar Verfassungswidrig, selbst für Normalmenschen ersichtlich. 	Lecture	
	Erwin Dufner 	politics	https://www.faz.net/aktuell/politik/inland/marlene-grunert-berlin-17016966.html	Das Urteil ist zweifellos richtig. Danke. 	Praise	
